circulo,categoria,nombre,latitude,longitude
SantaCruzDeBezana,playa,Segunda Playa de El Sardinero,43.4773258,-3.7871524907273617
SantaCruzDeBezana,playa,Primera Playa de El Sardinero,43.4730965,-3.7821889544619713
SantaCruzDeBezana,playa,Playa del Camello,43.4696194,-3.7759355062004927
SantaCruzDeBezana,playa,Playa de los Peligros,43.4655456,-3.7792792195881395
SantaCruzDeBezana,playa,Playa de la Magdalena,43.46747905,-3.7731197919288277
SantaCruzDeBezana,playa,Playa de Mataleñas,43.486091200000004,-3.7880617400930863
SantaCruzDeBezana,playa,Playa de los Molinucos,43.4837457,-3.7847875935815374
SantaCruzDeBezana,playa,Playa de La Maruca,43.47965565,-3.836431835383907
SantaCruzDeBezana,playa,Playa de San Juan de la Canal,43.47385295,-3.8934576767058795
SantaCruzDeBezana,playa,Playa de la Concha,43.435706100000004,-4.043490645937826
SantaCruzDeBezana,playa,Playa artificial de Punta Parayas,43.42147995,-3.8103259831533904
SantaCruzDeBezana,playa,Playa de la Riberuca,43.427651850000004,-4.0350891191822535
SantaCruzDeBezana,playa,Playa de la Ribera,43.431459849999996,-4.035672531784975
SantaCruzDeBezana,playa,Playa de los Caballos,43.44225625,-4.02271938390045
SantaCruzDeBezana,playa,Playa de Usgo,43.4394208,-4.000772330273393
SantaCruzDeBezana,playa,Playa de La Arnía,43.47419835,-3.915898415984713
SantaCruzDeBezana,playa,Playa de El Rostro,43.44745085,-3.7713933336430854
SantaCruzDeBezana,playa,Playa de Mogro,43.43867365,-3.972381885106578
SantaCruzDeBezana,playa,Playa de los Bikinis,43.4673004,-3.7679157210293575
SantaCruzDeBezana,playa,Playa de Currucasa,43.436372399999996,-3.9763294495641794
SantaCruzDeBezana,playa,La Playuca,43.440144399999994,-3.9708791054306314
SantaCruzDeBezana,playa,Playa de Valdearenas,43.44480025,-3.9749678955617824
SantaCruzDeBezana,playa,Playa de Robayera,43.443366350000005,-3.9829321460791927
SantaCruzDeBezana,playa,Playa de Portío,43.4699905,-3.9299752432662274
SantaCruzDeBezana,playa,Playa de Cerrías,43.46902635,-3.9364728588366944
SantaCruzDeBezana,playa,Playa Rosamunda,43.48384795,-3.832189757811177
SantaCruzDeBezana,playa,Playa de El Bocal,43.488122149999995,-3.825718824751668
SantaCruzDeBezana,playa,Playa Somocuevas,43.469261599999996,-3.9448227573857833
SantaCruzDeBezana,playa,Playa del Huevo frito,43.43896075,-4.03287119810677
SantaCruzDeBezana,playa,Somocuevas Oeste,43.4695244,-3.943742366685949
SantaCruzDeBezana,playa,Tómbolo de Covachos,43.47411195,-3.9078595882988436
SantaCruzDeBezana,playa,Playa del Madero,43.4636659,-3.950020983452185
SantaCruzDeBezana,playa,Playa de la Virgen del Mar,43.4772114,-3.8776372723817523
SantaCruzDeBezana,playa,Playa de El Puntal,43.4550704,-3.753670623269001
SantaCruzDeBezana,playa,Playa de los Locos,43.438687200000004,-4.0467882225872565
SantaCruzDeBezana,playa,Playa de Canallave,43.452952550000006,-3.961335793415765
SantaCruzDeBezana,playa,Playa del Fortín,43.47278335,-3.8921718237823755
SantaCruzDeBezana,playa,nan,43.4795503,-3.8764831955204215
SantaCruzDeBezana,playa,nan,43.47584655,-3.866451618066406
SantaCruzDeBezana,playa,Playa de El Pescador,43.479125800000006,-3.8389404536334077
SantaCruzDeBezana,playa,Playa de Covachos,43.472524,-3.911267685421755
SantaCruzDeBezana,playa,Playa de Cuchía,43.43573105,-4.031150010585582
SantaCruzDeBezana,playa,Playa de La Concha,43.471811450000004,-3.779490734344539
SantaCruzDeBezana,playa,La Playuca,43.433448,-4.033449249407635
SantaCruzDeBezana,playa,Playa de Bañaperros,43.48175835,-3.8350596232517002
SantaCruzDeBezana,playa,Playa de los Carabineros,43.48201505,-3.835766941491256
SantaCruzDeBezana,playa,Playa de La Fenómeno,43.4627564,-3.785665297768133
SantaCruzDeBezana,supermercado,Eroski,43.3936533,-3.8169693
SantaCruzDeBezana,supermercado,Lupa,43.4589009,-3.8097537
SantaCruzDeBezana,supermercado,Carrefour Market,43.4615937,-3.8131989
SantaCruzDeBezana,supermercado,Lupa,43.4391304,-3.8424716
SantaCruzDeBezana,supermercado,Dia,43.4635288,-3.810573
SantaCruzDeBezana,supermercado,Lupa,43.4570746,-3.8137147
SantaCruzDeBezana,supermercado,Lupa,43.4632285,-3.7980565
SantaCruzDeBezana,supermercado,Lupa,43.4591466,-3.8172082
SantaCruzDeBezana,supermercado,BM,43.4634835,-3.790453
SantaCruzDeBezana,supermercado,Covirán,43.4596123,-3.92909
SantaCruzDeBezana,supermercado,Lupa,43.4633603,-3.8120239
SantaCruzDeBezana,supermercado,BM,43.4780121,-3.7898969
SantaCruzDeBezana,supermercado,Carrefour,43.4581162,-3.8619582
SantaCruzDeBezana,supermercado,Carrefour,43.445484,-3.8542812
SantaCruzDeBezana,supermercado,Carrefour,43.4270132,-3.8384568
SantaCruzDeBezana,supermercado,El Centro,43.4413776,-3.7689218
SantaCruzDeBezana,supermercado,Alcampo,43.4644009,-3.8016757
SantaCruzDeBezana,supermercado,Comercial Santiago,43.4265053,-3.8444814
SantaCruzDeBezana,supermercado,Lupa,43.3526053,-3.9492402
SantaCruzDeBezana,supermercado,Lupa,43.4169789,-3.8429341
SantaCruzDeBezana,supermercado,BM,43.4175569,-3.8434578
SantaCruzDeBezana,supermercado,Covirán,43.4689615,-3.8282447
SantaCruzDeBezana,supermercado,Covirán,43.4648354,-3.8120868
SantaCruzDeBezana,supermercado,Covirán,43.4677261,-3.8145424
SantaCruzDeBezana,supermercado,Dia,43.4586776,-3.8202693
SantaCruzDeBezana,supermercado,Covirán,43.4627924,-3.8163795
SantaCruzDeBezana,supermercado,Unide,43.4649526,-3.7988511
SantaCruzDeBezana,supermercado,BM,43.4596178,-3.8230527
SantaCruzDeBezana,supermercado,Lupa,43.3994948,-3.8203509
SantaCruzDeBezana,supermercado,Lupa,43.3481824,-4.051734
SantaCruzDeBezana,supermercado,La Plaza,43.3671866,-4.0442227
SantaCruzDeBezana,supermercado,Lupa,43.3545819,-4.0467004
SantaCruzDeBezana,supermercado,Lupa,43.3485188,-4.0474706
SantaCruzDeBezana,supermercado,Dia Market,43.3675929,-4.0440004
SantaCruzDeBezana,supermercado,Lupa,43.463977,-3.8031309
SantaCruzDeBezana,supermercado,Covirán,43.4686599,-3.805414
SantaCruzDeBezana,supermercado,Lupa,43.4585281,-3.8503318
SantaCruzDeBezana,supermercado,Covirán,43.460575,-3.849236
SantaCruzDeBezana,supermercado,Lupa,43.472577,-3.7836728
SantaCruzDeBezana,supermercado,Eroski,43.458999,-3.8170844
SantaCruzDeBezana,supermercado,Lupa,43.4677512,-3.8065472
SantaCruzDeBezana,supermercado,Lupa,43.463646,-3.875287
SantaCruzDeBezana,supermercado,Mercadona,43.4543025,-3.8211613
SantaCruzDeBezana,supermercado,Eroski,43.3515518,-3.9432935
SantaCruzDeBezana,supermercado,Covirán,43.4262569,-3.8567014
SantaCruzDeBezana,supermercado,Lupa,43.4200334,-3.8457414
SantaCruzDeBezana,supermercado,Covirán,43.4583965,-3.8431317
SantaCruzDeBezana,supermercado,Dia,43.3545851,-3.9565878
SantaCruzDeBezana,supermercado,Covirán,43.4440793,-3.7684125
SantaCruzDeBezana,supermercado,BM,43.44033,-3.8993163
SantaCruzDeBezana,supermercado,Alcampo,43.3483987,-4.0510159
SantaCruzDeBezana,supermercado,Alcampo,43.3482477,-4.0516913
SantaCruzDeBezana,supermercado,BM,43.3495164,-4.0491402
SantaCruzDeBezana,supermercado,El Sol,43.3470613,-4.0503607
SantaCruzDeBezana,supermercado,Dia,43.3485537,-4.0475763
SantaCruzDeBezana,supermercado,Hui Hui,43.3481318,-4.0460371
SantaCruzDeBezana,supermercado,Dia,43.3478008,-4.045118
SantaCruzDeBezana,supermercado,BM,43.3523755,-4.0465416
SantaCruzDeBezana,supermercado,Autoservicio Lábaro,43.3413418,-4.0462216
SantaCruzDeBezana,supermercado,Covirán,43.433917,-4.0418311
SantaCruzDeBezana,supermercado,Lupa,43.4271978,-3.9726842
SantaCruzDeBezana,supermercado,BM,43.3571526,-3.957577
SantaCruzDeBezana,supermercado,Dia Market,43.4175529,-3.8457392
SantaCruzDeBezana,supermercado,Lupa,43.4627338,-3.8070003
SantaCruzDeBezana,supermercado,Usaco,43.4592609,-3.8168885
SantaCruzDeBezana,supermercado,Lupa,43.459994,-3.8197894
SantaCruzDeBezana,supermercado,Lupa,43.4399145,-3.9016471
SantaCruzDeBezana,supermercado,Dia Market,43.4617629,-3.8160609
SantaCruzDeBezana,supermercado,Lupa,43.4617784,-3.8180643
SantaCruzDeBezana,supermercado,Lupa,43.4650119,-3.7909974
SantaCruzDeBezana,supermercado,Lupa,43.4642169,-3.8141293
SantaCruzDeBezana,supermercado,Alimentación Tetuán,43.4659705,-3.7942592
SantaCruzDeBezana,supermercado,Covirán,43.4644668,-3.8079456
SantaCruzDeBezana,supermercado,Dia,43.3998836,-3.8208111
SantaCruzDeBezana,supermercado,Lupa,43.4634993,-3.8096342
SantaCruzDeBezana,supermercado,BM,43.4631306,-3.8074291
SantaCruzDeBezana,supermercado,Lupa,43.4636201,-3.8070372
SantaCruzDeBezana,supermercado,Eroski,43.4365118,-3.9073796
SantaCruzDeBezana,supermercado,Covirán,43.4647514,-3.8194351
SantaCruzDeBezana,supermercado,Lupa,43.4697497,-3.7925823
SantaCruzDeBezana,supermercado,Dia,43.4696777,-3.7928862
SantaCruzDeBezana,supermercado,Lupa,43.464846,-3.8269705
SantaCruzDeBezana,supermercado,Dia,43.4689559,-3.8015767
SantaCruzDeBezana,supermercado,Lupa,43.4692098,-3.7993471
SantaCruzDeBezana,supermercado,BM,43.4679891,-3.8029192
SantaCruzDeBezana,supermercado,Covirán,43.4548372,-3.8186999
SantaCruzDeBezana,supermercado,Lupa,43.4540388,-3.8190037
SantaCruzDeBezana,supermercado,Dia,43.4554732,-3.8165715
SantaCruzDeBezana,supermercado,Primaprix,43.4569379,-3.8142875
SantaCruzDeBezana,supermercado,Eroski City,43.4564153,-3.8144767
SantaCruzDeBezana,supermercado,Covirán,43.477526,-3.7973287
SantaCruzDeBezana,supermercado,Mercadona,43.4252659,-3.8393508
SantaCruzDeBezana,supermercado,Covirán,43.4835173,-3.7997176
SantaCruzDeBezana,supermercado,Eroski,43.4604615,-3.8234925
SantaCruzDeBezana,supermercado,Lupa,43.4408205,-3.8528428
SantaCruzDeBezana,supermercado,Dia,43.3544498,-4.0467386
SantaCruzDeBezana,supermercado,Lidl,43.4648363,-3.8364143
SantaCruzDeBezana,supermercado,Covirán,43.3547868,-3.953504
SantaCruzDeBezana,supermercado,La Plaza Día,43.4595799,-3.8257095
SantaCruzDeBezana,supermercado,Lupa,43.4595305,-3.8259117
SantaCruzDeBezana,supermercado,Covirán,43.461899,-3.8145673
SantaCruzDeBezana,supermercado,Lupa,43.4257116,-4.0406445
SantaCruzDeBezana,supermercado,Dia Market,43.4647283,-3.7958049
SantaCruzDeBezana,supermercado,Carrefour express,43.4662559,-3.7900839
SantaCruzDeBezana,supermercado,Lupa,43.4636714,-3.8115793
SantaCruzDeBezana,supermercado,Carrera,43.4590913,-3.8275478
SantaCruzDeBezana,supermercado,BM,43.4646886,-3.7949954
SantaCruzDeBezana,supermercado,Coviran,43.4097713,-3.9408542
SantaCruzDeBezana,supermercado,Carrefour Express,43.4136359,-3.9456081
SantaCruzDeBezana,supermercado,nan,43.4097381,-3.940763
SantaCruzDeBezana,supermercado,Lupa,43.4330435,-3.9143217
SantaCruzDeBezana,supermercado,Lejardi,43.4184871,-3.8409846
SantaCruzDeBezana,supermercado,Covirán,43.4173286,-3.8456532
SantaCruzDeBezana,supermercado,Covirán,43.4230048,-3.8429185
SantaCruzDeBezana,supermercado,Dia,43.4047856,-3.8338749
SantaCruzDeBezana,supermercado,Hipercor,43.4377955,-3.8402874
SantaCruzDeBezana,supermercado,Covirán,43.44036825,-3.866677342315403
SantaCruzDeBezana,supermercado,Lidl,43.41209165,-3.8423913726626413
SantaCruzDeBezana,supermercado,Lupa,43.344851750000004,-4.032569554376318
SantaCruzDeBezana,supermercado,Mercadona,43.3944401,-3.8213217802815613
SantaCruzDeBezana,supermercado,Mercadona,43.4578316,-3.8577263196162423
SantaCruzDeBezana,supermercado,Lupa,43.39381675,-3.8163685106943928
SantaCruzDeBezana,supermercado,Maxi Dia,43.340310200000005,-4.050437457562511
SantaCruzDeBezana,supermercado,Lidl,43.4554725,-3.852114532029341
SantaCruzDeBezana,supermercado,Alcampo,43.4553253,-3.852588421286951
SantaCruzDeBezana,supermercado,Lupa,43.45899235,-3.8418335693616035
SantaCruzDeBezana,supermercado,Lupa,43.423319250000006,-3.8396506029341424
SantaCruzDeBezana,supermercado,Aldi,43.4230612,-3.839378426442307
SantaCruzDeBezana,supermercado,Lupa,43.46415105,-3.8343399987355866
SantaCruzDeBezana,supermercado,ALDI,43.46808215,-3.8310964748685086
SantaCruzDeBezana,supermercado,Mercadona,43.4395412,-3.8917738956209305
SantaCruzDeBezana,supermercado,Primaprix,43.46330845,-3.8354883345534705
SantaCruzDeBezana,supermercado,Covirán,43.4621095,-3.8256236043046297
SantaCruzDeBezana,supermercado,Mercadona,43.4606674,-3.8375867490464284
SantaCruzDeBezana,supermercado,Lidl,43.443603800000005,-3.8543580991960162
SantaCruzDeBezana,supermercado,Lidl,43.424508200000005,-3.835864851716001
SantaCruzDeBezana,supermercado,BM,43.46107915,-3.9298159307081884
SantaCruzDeBezana,supermercado,Alcampo,43.42512065,-4.040756297544204
SantaCruzDeBezana,supermercado,Dia,43.342524600000004,-4.033242981550707
SantaCruzDeBezana,supermercado,Carrefour,43.34129615,-4.032852929387264
SantaCruzDeBezana,supermercado,Mercadona,43.342838799999996,-4.028984703381498
SantaCruzDeBezana,supermercado,ALDI,43.34318375,-4.030310690367893
SantaCruzDeBezana,supermercado,Lidl,43.34310045,-4.034062320665878
SantaCruzDeBezana,supermercado,Covirán,43.46625165,-3.8058081871666762
SantaCruzDeBezana,supermercado,Lupa,43.4784777,-3.789377271006499
SantaCruzDeBezana,supermercado,Mercadona,43.481488600000006,-3.8002757190119496
SantaCruzDeBezana,supermercado,Lupa,43.473684649999996,-3.808645488784091
SantaCruzDeBezana,supermercado,Lupa,43.45832245,-3.8599221084754576
SantaCruzDeBezana,supermercado,Lupa,43.39211815,-4.021108856900736
SantaCruzDeBezana,supermercado,Lupa,43.480177600000005,-3.8005160968054206
SantaCruzDeBezana,supermercado,Lupa,43.42136935,-3.8512594501353954
SantaCruzDeBezana,supermercado,Lupa,43.46527935,-3.8759848580525733
SantaCruzDeBezana,supermercado,Eroski City,43.43208185,-4.009449953503635
SantaCruzDeBezana,supermercado,Aldi,43.44187975,-3.850078445422298
SantaCruzDeBezana,supermercado,BM,43.425647049999995,-4.0393264696842826
SantaCruzDeBezana,supermercado,Lupa,43.40465075,-3.83964330243949
SantaCruzDeBezana,supermercado,Covirán,43.4080938,-3.8070386999999988
SantaCruzDeBezana,colegio,Academia Crespo,43.3507258,-4.050604
SantaCruzDeBezana,colegio,Escuela Técnico Profesional Hernán Cortés,43.4630417,-3.7999006
SantaCruzDeBezana,colegio,Colegio Concertado Mayer,43.3530666,-4.0481665
SantaCruzDeBezana,colegio,Colegio Concertado San Antonio,43.4637223,-3.793642
SantaCruzDeBezana,colegio,Colegio Concertado San Roque - Los Pinares,43.4708149,-3.7914888
SantaCruzDeBezana,colegio,Centro de Educación Especial Juan XXIII,43.4573176,-3.8121854
SantaCruzDeBezana,colegio,Escuela Infantil Ciempiés,43.4421935,-3.8635223
SantaCruzDeBezana,colegio,Black Ball Surf Shop @ School,43.4727378,-3.7836287
SantaCruzDeBezana,colegio,Kells College,43.4634616,-3.7992096
SantaCruzDeBezana,colegio,Ceinmark,43.4586808,-3.8239395
SantaCruzDeBezana,colegio,Escuela de Rugby del Universitario R.C.,43.4477146,-3.848953
SantaCruzDeBezana,colegio,Escuela de hostelería,43.3494343,-4.04575
SantaCruzDeBezana,colegio,Colegio Concertado Niño Jesús de Praga,43.3408972,-4.0493062
SantaCruzDeBezana,colegio,Decroly Perines,43.4614253,-3.8218628
SantaCruzDeBezana,colegio,Escuela de Diseño Vinsac,43.4662729,-3.8121933
SantaCruzDeBezana,colegio,Escuela Infantil Municipal Anjana,43.3405367,-4.0512282
SantaCruzDeBezana,colegio,Colegio Concertado El Salvador,43.3660296,-4.0442789
SantaCruzDeBezana,colegio,Federación Cántabra de Salvamento y Socorrismo,43.4607583,-3.8512592
SantaCruzDeBezana,colegio,Fundación Laboral de la Construcción,43.4248632,-3.8324346
SantaCruzDeBezana,colegio,Escuela Técnico Profesional en Ciencias de la Salud Hospital Mompía,43.4346051,-3.9170014
SantaCruzDeBezana,colegio,Centro de Educación de Personas Adultas de Piélagos,43.357183,-3.953279
SantaCruzDeBezana,colegio,Escuela Infantil de la Universidad de Cantabria,43.4702768,-3.8091392
SantaCruzDeBezana,colegio,Centro de Atención Educativa Hospitalaria y Domiciliaria,43.4568305,-3.828746
SantaCruzDeBezana,colegio,Instituto Tecnológico y Empresarial Torrelavega,43.3486837,-4.0498708
SantaCruzDeBezana,colegio,Fundación Laboral de la Construcción,43.4070409,-3.8622103
SantaCruzDeBezana,colegio,Centro de Educación Especial El Molino,43.4850356,-3.7977317
SantaCruzDeBezana,colegio,Centro de Educación de Personas Adultas de Astillero,43.3957431,-3.8237833
SantaCruzDeBezana,colegio,Centro de Educación Especial Stephane Lupasco,43.4647786,-3.7957678
SantaCruzDeBezana,colegio,Cenafe Escuelas Cantabria,43.4651357,-3.8106534
SantaCruzDeBezana,colegio,Escuela Infantil La Arena,43.4350639,-4.0168595
SantaCruzDeBezana,colegio,Escuela Infantil Caballito de Mar,43.4248115,-4.0420575
SantaCruzDeBezana,colegio,Maestría Dental,43.4681148,-3.8777438
SantaCruzDeBezana,colegio,Centro FP de Ciencias Radiológicas,43.4650985,-3.8109716
SantaCruzDeBezana,colegio,Centro de Educación Infantil Junior,43.4400292,-3.8484746
SantaCruzDeBezana,colegio,Equipo Formación y Empleo,43.4581236,-3.8216229
SantaCruzDeBezana,colegio,Centro de Educación de Personas Adultas de Camargo,43.4236489,-3.8548652
SantaCruzDeBezana,colegio,Centro Nacional de Estudios de Técnicos Deportivos,43.4636456,-3.8058194
SantaCruzDeBezana,colegio,Brenes Escuela Deportiva de Regimen Especial Cantabria,43.4642663,-3.8662083
SantaCruzDeBezana,colegio,Escuela Infantil La Jilguera,43.3553069,-3.952375
SantaCruzDeBezana,colegio,Nexian Training,43.4546948,-3.8158224
SantaCruzDeBezana,colegio,Centro de Educación Infantil y Primaria Magallanes,43.46173835,-3.8175012407246394
SantaCruzDeBezana,colegio,Colegio Concertado Mercedes,43.463760750000006,-3.8200740819181167
SantaCruzDeBezana,colegio,La Salle Santander,43.46270475,-3.8244726838755394
SantaCruzDeBezana,colegio,Centro de Educación Infantil y Primaria Nueva Montaña,43.43949995,-3.8453857100302686
SantaCruzDeBezana,colegio,Centro de Educación Infantil Los Viveros,43.4572865,-3.820135167587847
SantaCruzDeBezana,colegio,Colegio Concertado Compañía de María,43.465175,-3.810903793059536
SantaCruzDeBezana,colegio,Escuela de San Salvador,43.39280165,-3.807270311533687
SantaCruzDeBezana,colegio,Colegio Concertado Verdemar,43.4642765,-3.8662986386058944
SantaCruzDeBezana,colegio,Instituto de Educación Secundaria Garcilaso de la Vega,43.34022765,-4.048793172326807
SantaCruzDeBezana,colegio,Colegio Concertado Nuestra Señora de la Paz,43.34597075,-4.043369390432716
SantaCruzDeBezana,colegio,Centro de Educación Infantil y Primaria José María Pereda,43.35521555,-4.045287974653057
SantaCruzDeBezana,colegio,Instituto de Educación Secundaria Ría del Carmen,43.41333135,-3.855138624754554
SantaCruzDeBezana,colegio,Colegio Concertado Atalaya,43.46922145,-3.8053662942881994
SantaCruzDeBezana,colegio,Centro de Educación Infantil y Primaria María Sanz de Sautuola,43.46089575,-3.846695719738874
SantaCruzDeBezana,colegio,Instituto de Educación Secundaria La Albericia,43.46158915,-3.848566104116945
SantaCruzDeBezana,colegio,Centro de Educación Infantil y Primaria Jesús Cancio,43.458387450000004,-3.839644251524465
SantaCruzDeBezana,colegio,Instituto de Educación Secundaria Peñacastillo,43.44736055,-3.8529253130597496
SantaCruzDeBezana,colegio,Colegio Concertado Calasanz,43.46420075,-3.7944514215836023
SantaCruzDeBezana,colegio,Colegio Concertado Ángeles Custodios,43.46397775,-3.791167105075753
SantaCruzDeBezana,colegio,Colegio de Educación Infantil y Primaria José María de Pereda,43.353461800000005,-4.043439001833181
SantaCruzDeBezana,colegio,Colegio Concertado San Agustín,43.47787005,-3.79262298664754
SantaCruzDeBezana,colegio,Instituto de Educación Secundaria Muriedas,43.42354095,-3.8557578940865342
SantaCruzDeBezana,colegio,Colegio Concertado San Martín,43.464572200000006,-3.7922243178381576
SantaCruzDeBezana,colegio,Colegio Concertado Santa María Micaela,43.4562337,-3.8392830846109787
SantaCruzDeBezana,colegio,Colegio Concertado Tagore,43.46400045,-3.786096956395184
SantaCruzDeBezana,colegio,Colegio Concertado Torrevelo-Peñalabra,43.431276749999995,-3.9680193180356733
SantaCruzDeBezana,colegio,Colegio Concertado Centro Social Bellavista - Julio Blanco,43.48541605,-3.7991287127902282
SantaCruzDeBezana,colegio,Centro de Educación Especial Arboleda,43.456388399999994,-3.852017084177997
SantaCruzDeBezana,colegio,Centro de Educación Infantil y Primaria Vital Alsar,43.4849682,-3.797686577981988
SantaCruzDeBezana,colegio,Fundación Laboral del Metal,43.4384089,-3.866415879535733
SantaCruzDeBezana,colegio,Instituto de Educación Secundaria Leonardo Torres Quevedo,43.45677995,-3.8373369803364294
SantaCruzDeBezana,colegio,Aula de Educación Medioambiental,43.35598245,-3.8325719127392226
SantaCruzDeBezana,colegio,Colegio Concertado Sagrado Corazón Esclavas,43.468446150000005,-3.7795207775605233
SantaCruzDeBezana,colegio,Centro de Educación Infantil y Primaria Manuel Llano,43.46334,-3.828546796408892
SantaCruzDeBezana,colegio,Colegio Concertado Sagrados Corazones,43.34199235,-4.037642283911198
SantaCruzDeBezana,colegio,Centro de Educación Infantil y Primaria Pancho Cossío,43.34312,-4.037042230002878
SantaCruzDeBezana,colegio,Instituto de Educación Secundaria Zapatón,43.3447851,-4.0487967560358165
SantaCruzDeBezana,colegio,Centro de Educación Infantil y Primaria Pintor Escudero Espronceda,43.33705035,-4.042031459702101
SantaCruzDeBezana,colegio,Centro de Educación Infantil y Primaria José Arce Bodega,43.45505695,-3.8131726288425827
SantaCruzDeBezana,colegio,Centro de Educación Infantil y Primaria Portus Blendium,43.4212227,-4.038292380379994
SantaCruzDeBezana,colegio,Colegio El Salvador,43.365777,-4.043953432303978
SantaCruzDeBezana,colegio,Centro de Educación Infantil y Primaria Manuel Liaño Beristain,43.36611499999999,-4.042753012929585
SantaCruzDeBezana,colegio,Escuela de La Gándara,43.39446145,-4.048779758735084
SantaCruzDeBezana,colegio,Centro de Educación Infantil y Primaria Fernando de los Ríos,43.34580565,-4.04809460473259
SantaCruzDeBezana,colegio,Centro de Educación Infantil y Primaria Menéndez Pelayo,43.345946600000005,-4.04719733020082
SantaCruzDeBezana,colegio,Centro de Educación Infantil y Primaria Las Dunas,43.4630645,-3.9338773163779344
SantaCruzDeBezana,colegio,Instituto de Educación Secundaria La Marina,43.444682,-3.901256512784717
SantaCruzDeBezana,colegio,Colegio Concertado La Milagrosa,43.386680549999994,-4.015311467178081
SantaCruzDeBezana,colegio,Centro de Educación Infantil y Primaria Pérez Galdos,43.3870229,-4.028777939772506
SantaCruzDeBezana,colegio,Colegio Concertado Liceo San Juan de La Canal,43.469647300000005,-3.8996007946445475
SantaCruzDeBezana,colegio,Centro de Educación Infantil y Primaria Costa Quebrada,43.46359245,-3.8952428240008654
SantaCruzDeBezana,colegio,Centro de Educación Infantil y Primaria Marzán,43.43541655,-4.016140126514555
SantaCruzDeBezana,colegio,Centro de Educación Infantil y Primaria Marina de Cudeyo,43.423108400000004,-3.754773948248904
SantaCruzDeBezana,colegio,Instituto de Educación Secundaria Las Llamas,43.4737937,-3.7932098130999106
SantaCruzDeBezana,colegio,Centro de Educación Infantil y Primaria Sardinero,43.47149435,-3.791068947920394
SantaCruzDeBezana,colegio,Centro de Educación Infantil y Primaria Fernando de los Ríos,43.40121245,-3.8179774348560427
SantaCruzDeBezana,colegio,Centro de Educación Infantil y Primaria Quinta Porrúa,43.46209505,-3.827013196954489
SantaCruzDeBezana,colegio,Instituto de Educación Secundaria José María Pereda,43.46389205,-3.8233131513790433
SantaCruzDeBezana,colegio,Centro de Educación Infantil y Primaria Bajo Pas,43.4149245,-3.943127817241178
SantaCruzDeBezana,colegio,Centro de Educación Infantil y Primaria Cabo Mayor,43.479667750000004,-3.8019311430226215
SantaCruzDeBezana,colegio,Centro de Educación Infantil y Primaria Gerardo Diego,43.4560763,-3.8467712556429823
SantaCruzDeBezana,colegio,Centro de Educación de Personas Adultas de Torrelavega - Caligrama,43.351865200000006,-4.043770583015265
SantaCruzDeBezana,colegio,Instituto de Educación Secundaria Villajunco,43.46965885,-3.7898205766497224
SantaCruzDeBezana,colegio,Instituto de Educación Secundaria Valle de Piélagos,43.358716799999996,-3.954498931607665
SantaCruzDeBezana,colegio,Centro de Educación Infantil y Primaria Eloy Villanueva,43.4713195,-3.8312333025097294
SantaCruzDeBezana,colegio,Escuela Infantil Diminutos Candina,43.4532199,-3.8298888280671566
SantaCruzDeBezana,colegio,Colegio Concertado Jardín de África,43.4723525,-3.823452179771576
SantaCruzDeBezana,colegio,Instituto de Educación Secundaria El Astillero,43.395731100000006,-3.8238338263088965
SantaCruzDeBezana,colegio,Centro de Educación Infantil y Primaria José Ramón Sánchez,43.39664675,-3.823867549066888
SantaCruzDeBezana,colegio,Centro de Educación Infantil y Primaria Cisneros,43.4622301,-3.8173644547624486
SantaCruzDeBezana,colegio,Instituto de Educación Secundaria Ría San Martín,43.41639055,-4.041027951596916
SantaCruzDeBezana,colegio,Centro de Educación Infantil y Primaria Fuente de La Salud,43.45577805,-3.8353383564972603
SantaCruzDeBezana,colegio,Colegio Concertado Niño Jesús,43.4561723,-3.843967861609358
SantaCruzDeBezana,colegio,Colegio Concertado de Educación Espacial El Molino,43.45712555,-3.82470995
SantaCruzDeBezana,colegio,Centro de Educación Infantil Garruchines,43.423782200000005,-3.948740005756394
SantaCruzDeBezana,colegio,Colegio Concertado San José,43.4644859,-3.8098495760684212
SantaCruzDeBezana,colegio,Centro de Educación Infantil y Primaria Menéndez Pelayo,43.46370565,-3.800437549549801
SantaCruzDeBezana,colegio,Centro Municipal de Formación,43.423093449999996,-3.8384052708462844
SantaCruzDeBezana,colegio,Centro de Educación Infantil y Primaria Matilde de La Torre,43.41486555,-3.848757466983298
SantaCruzDeBezana,colegio,Instituto de Educación Secundaria Valle de Camargo,43.413653499999995,-3.856546802308939
SantaCruzDeBezana,colegio,Instituto de Educación Secundaria La Granja,43.40298575,-3.76617133195216
SantaCruzDeBezana,colegio,Centro de Educación Infantil y Primaria Buenaventura González,43.44128105,-3.9041530628840464
SantaCruzDeBezana,colegio,Centro de Educación Infantil y Primaria Manuel Cacicedo,43.466935500000005,-3.853562269160431
SantaCruzDeBezana,colegio,Centro de Educación Infantil y Primaria Dionisio García Barredo,43.470207650000006,-3.809056068900476
SantaCruzDeBezana,colegio,Instituto de Educación Secundaria Marqués de Santillana,43.3479157,-4.051104687653584
SantaCruzDeBezana,colegio,Colegio Concertado Castroverde,43.46659865,-3.793081618123674
SantaCruzDeBezana,colegio,Centro de Educación Especial Doctor Fernando Arce Gómez,43.345408899999995,-4.044824489910058
SantaCruzDeBezana,colegio,Centro de Educación Infantil y Primaria Ramón Pelayo,43.45854885,-3.822822484879484
SantaCruzDeBezana,colegio,Centro de Educación Infantil y Primaria Elsedo,43.426662300000004,-3.9713533074925094
SantaCruzDeBezana,colegio,Centro de Educación Infantil y Primaria Elena Quiroga,43.4465023,-3.8484875261294524
SantaCruzDeBezana,colegio,Centro de Formación Profesional López Vicuña,43.464582,-3.791519760589672
SantaCruzDeBezana,colegio,Colegio Concertado Cumbres,43.46287005,-3.8185774192974615
SantaCruzDeBezana,colegio,Escuela Oficial de Idiomas de Santander,43.46277395,-3.8174725193890273
SantaCruzDeBezana,colegio,Colegio Concertado María Auxiliadora,43.4668519,-3.809254233680636
SantaCruzDeBezana,colegio,Colegio Concertado Haypo,43.46683835,-3.798842816653364
SantaCruzDeBezana,colegio,Colegio Concertado María Reina Inmaculada,43.467470399999996,-3.788168554161376
SantaCruzDeBezana,colegio,Instituto de Educación Secundaria Santa Clara,43.46339965,-3.808224410779559
SantaCruzDeBezana,colegio,Colegio Concertado La Anunciación,43.46442655,-3.808630195490183
SantaCruzDeBezana,colegio,Colegio Concertado Kostka,43.4636077,-3.8049025554428395
SantaCruzDeBezana,colegio,Centro de Educación de Personas Adultas de Santander,43.46565125,-3.8039036315115986
SantaCruzDeBezana,colegio,Instituto de Educación Secundaria Alisal,43.458342200000004,-3.8558566756959554
SantaCruzDeBezana,colegio,Centro de Educación Infantil y Primaria María Blanchard,43.4693171,-3.8026065145908516
SantaCruzDeBezana,colegio,nan,43.469258999999994,-3.8020094507254996
SantaCruzDeBezana,colegio,Centro de Formación y Empleo,43.452315049999996,-3.8168104073015483
SantaCruzDeBezana,colegio,Centro de Educación Infantil Marqués de Valterra,43.451927749999996,-3.8165658523452617
SantaCruzDeBezana,colegio,Colegio Concertado Miguel Bravo,43.4520421,-3.817111022879685
SantaCruzDeBezana,colegio,Centro de Educación Infantil y Primaria Ramón y Cajal,43.39348325,-3.854677219059296
SantaCruzDeBezana,colegio,Centro Concertado Puente I,43.45755775,-3.8105579617572705
SantaCruzDeBezana,colegio,Centro de Educación Especial Padre Apolinar,43.482601200000005,-3.793239953232911
SantaCruzDeBezana,colegio,Centro Integrado de Formación Profesional Nº 1,43.44723285,-3.850741141294848
SantaCruzDeBezana,colegio,Instituto de Educación Secundaria Augusto González de Linares,43.447887800000004,-3.850520050666719
SantaCruzDeBezana,colegio,Centro de Educación Infantil y Primaria Agapito Cagigas,43.405502150000004,-3.8596365424749166
SantaCruzDeBezana,colegio,Centro de Educación Especial Parayas,43.4149348,-3.821975178751577
SantaCruzDeBezana,colegio,Centro Social Bellavista de Formación Profesional,43.48036805,-3.8049870829207637
SantaCruzDeBezana,colegio,Escuela Waldorf Cantabria,43.36827395,-3.862452000259224
SantaCruzDeBezana,colegio,nan,43.473647549999995,-3.8237950482672742
SantaCruzDeBezana,colegio,Instituto de Educación Secundaria Cantabria,43.4631848,-3.8368652004726562
SantaCruzDeBezana,colegio,Centro de Educación Infantil y Primaria Marcial Solana,43.371356649999996,-3.8576766375401075
SantaCruzDeBezana,colegio,Colegio Concertado Altamira,43.4061442,-3.8570989065878427
SantaCruzDeBezana,colegio,Instituto de Educación Secundaria Nuestra Señora de los Remedios,43.4021264,-3.836757306224837
SantaCruzDeBezana,colegio,Asociacion Cántabra de Lucha contra el Paro,43.46385985,-3.8391795680534067
SantaCruzDeBezana,colegio,Centro de Educación Infantil y Primaria Estela de Zurita,43.34922205,-3.9856417161847437
SantaCruzDeBezana,colegio,Centro de Educación Infantil y Primaria Arenas,43.403645499999996,-3.9057744682849322
SantaCruzDeBezana,colegio,Centro de Educación Infantil y Primaria Antonio Mendoza,43.4620845,-3.8177152141245134
SantaCruzDeBezana,colegio,Guardería Chiqui Tin PCTCAN,43.45171435,-3.8739689971727866
SantaCruzDeBezana,colegio,Centro de Educación Infantil y Primaria Gloria Fuertes,43.4289624,-3.852467143051686
SantaCruzDeBezana,colegio,Centro de Educación Infantil y Primaria Juan de Herrera,43.4158443,-3.8376493985210276
SantaCruzDeBezana,colegio,Instituto de Educación Secundaria Alberto Pico,43.4536249,-3.8248974696182594
SantaCruzDeBezana,colegio,Colegio Concertado San José Astillero,43.399553,-3.826724320388281
SantaCruzDeBezana,colegio,Colegio Concertado Purísima Concepción,43.45941365,-3.814567292007755
SantaCruzDeBezana,colegio,Centro de Educación Infantil y Primaria El Mimbral,43.361264250000005,-3.957747762109503
SantaCruzDeBezana,colegio,Centro de Educación Infantil y Primaria María Torner,43.431313149999994,-3.921959281177851
SantaCruzDeBezana,colegio,Colegio Rural Agrupado Peña Cabarga,43.3972241,-3.7657621266745
SantaCruzDeBezana,colegio,Colegio Concertado Sagrada Familia,43.43558525,-3.8622328639021966
SantaCruzDeBezana,colegio,Centro de Educación Infantil y Primaria Mateo Escagedo Salmón,43.43349955,-3.87237722504753
SantaCruzDeBezana,colegio,Centro de Educación Infantil y Primaria Marqués de Estella,43.4470412,-3.861230434387755
SantaCruzDeBezana,colegio,Colegio Concertado Antonio Robinet,43.3574813,-3.968272791829182
SantaCruzDeBezana,colegio,Centro de Educación Infantil y Primaria Virgen de Valencia,43.35504415,-3.953285834532872
SantaCruzDeBezana,colegio,Escuela Infantil Madre Mercedes,43.45762405,-3.8507954415431733
SantaCruzDeBezana,colegio,Centro de Educación Infantil y Primaria Pedro Velarde,43.4159098,-3.8468563033366996
SantaCruzDeBezana,colegio,Centro de Educación Infantil y Primaria Eutiquio Ramos,43.375848250000004,-3.893215066013661
SantaCruzDeBezana,colegio,Colegio Concertado Puente III,43.4006464,-3.8223659604843863
SantaCruzDeBezana,colegio,Centro Socioeducativo Juvenil de Cantabria,43.417781399999996,-3.8215381373542274
SantaCruzDeBezana,colegio,Centro de Educación Infantil y Primaria Costa Quebrada,43.46682965,-3.8945977720150493
SantaCruzDeBezana,colegio,Colegio de Educación Infantil y Primaria Portus Blendium,43.4270992,-4.0435860454458386
SotoDeLaMarina,playa,Playa de la Tablía,43.43438265,-4.0548609241405575
Liencres,playa,Playa El Sable,43.427842549999994,-4.09398471695026
Liencres,playa,Playa de Punta Ballota,43.43386005,-4.0820693759088815
Liencres,playa,Playa de Santa Justa,43.42466925,-4.098569632494401
Liencres,supermercado,Supeco,43.3514005,-4.0571434
Liencres,supermercado,Covirán,43.3873629,-4.1088538
Liencres,supermercado,Bar Centro Comercial,43.4238183,-4.0784048
Liencres,supermercado,Dia,43.3579868,-4.0844918
Liencres,supermercado,Lupa,43.3492254,-4.0525561
Liencres,supermercado,Dia,43.3491994,-4.0529399
Liencres,supermercado,El Sol,43.3479511,-4.0542217
Liencres,supermercado,Lupa,43.3495549,-4.0534065
Liencres,supermercado,Dia Market,43.345855,-4.0597871
Liencres,supermercado,Covirán,43.3451886,-4.0613505
Liencres,supermercado,Lupa,43.3407421,-4.0537607
Liencres,supermercado,Ernesto,43.3583127,-4.0684571
Liencres,supermercado,BM,43.3463017,-4.0524425
Liencres,supermercado,Lupa,43.3936776,-4.1156109
Liencres,supermercado,Lidl,43.3588987,-4.063792951026363
Liencres,supermercado,Lupa,43.35805395,-4.063647730108384
Liencres,supermercado,Mercadona,43.353783050000004,-4.065446238251316
Liencres,colegio,Instituto de Educación Secundaria Miguel Herrero Pereda,43.35211855,-4.062905310107736
Liencres,colegio,Instituto de Educación Secundaria Besaya,43.3542779,-4.063956926031896
Liencres,colegio,Centro de Educación Infantil y Primaria José Luis Hidalgo,43.33988805,-4.052810619775091
Liencres,colegio,Centro de Educación Infantil y Primaria Cervantes,43.34846805,-4.055116645132774
Liencres,colegio,Instituto de Educación Secundaria Nueve Valles,43.356841700000004,-4.091784618648582
Liencres,colegio,Escuela rural de Helguera,43.34957255,-4.103280063789767
Liencres,colegio,Centro de Educación Infantil y Primaria Santa Juliana,43.39058785,-4.105857507273583
Liencres,colegio,Centro de Educación Infantil y Primaria Mies de Vega,43.348912049999996,-4.062331644120834
Liencres,colegio,Centro de Educación Infantil y Primaria Cantabria,43.36236255,-4.084934365381856
Liencres,colegio,Centro de Educación Infantil y Primaria Matilde de La Torre,43.3602674,-4.066603465355332
Liencres,colegio,Centro de Educación Infantil y Primaria Ramón Menéndez Pidal,43.3465642,-4.063318521391375
Liencres,colegio,Centro de Educación Infantil y Primaria Amos de Escalante,43.343458850000005,-4.0628314167274215
Liencres,colegio,Colegio de Educación Infantil y Primaria Manuel Llano,43.341582700000004,-4.057209182392092
Liencres,colegio,Centro de Educación Infantil y Primaria Valle de Reocín,43.356443850000005,-4.093113865726055
Pielagos_Boo,supermercado,Dia,43.3345367,-4.0625881
Pielagos_Boo,supermercado,Merche,43.3225088,-3.9612042
Pielagos_Boo,supermercado,Dia,43.323305,-4.0716945
Pielagos_Boo,supermercado,Lupa,43.3223062,-3.96381915
Pielagos_Boo,supermercado,Lupa,43.3269187,-3.851306719709722
Pielagos_Boo,supermercado,nan,43.3219445,-3.8527536453830367
Pielagos_Boo,supermercado,Unide,43.3214823,-3.962913806324016
Pielagos_Boo,supermercado,Lupa,43.33317245,-4.047692490806604
Pielagos_Boo,supermercado,Lupa,43.323583,-3.855255060041828
Pielagos_Boo,colegio,Escuela Infantil Las Estrellas,43.3253505,-3.8497985
Pielagos_Boo,colegio,Centro de Profesorado Torrelavega,43.3204371,-4.0473618
Pielagos_Boo,colegio,Centro de Educación Infantil y Primaria Ambrosio Díez Gómez,43.3346347,-3.818538292144574
Pielagos_Boo,colegio,Centro de Educación Infantil,43.325392550000004,-3.8534665916666704
Pielagos_Boo,colegio,Instituto de Educación Secundaria Lope de Vega,43.31024295,-3.851619198763048
Pielagos_Boo,colegio,Centro de Educación Infantil Santiago La Robleda,43.337606,-4.066004232176056
Pielagos_Boo,colegio,Instituto de Educación Secundaria Manuel Gutiérrez Aragón,43.32170875,-4.050068595197876
Pielagos_Boo,colegio,Centro de Educación Ambiental de Viérnoles,43.3212302,-4.048645618801378
Pielagos_Boo,colegio,Centro de Educación Infantil y Primaria Los Torreones,43.327241,-4.068125324663607
Pielagos_Boo,colegio,Centro de Educación Infantil y Primaria Gerardo Diego,43.309221199999996,-3.8514233251973495
Pielagos_Boo,colegio,Centro de Educación Infantil y Primaria Cuevas del Castillo,43.322542,-3.9588151682857147
Pielagos_Boo,colegio,nan,43.304392750000005,-3.892640230876833
Pielagos_Boo,colegio,Centro de Educación Infantil y Primaria Dobra,43.32280125,-4.048856648461499
Pielagos_Boo,colegio,Centro Rural de Innovación Educativa Cantabria,43.31999825,-4.048830481942911
Pielagos_Boo,colegio,Instituto de Educación Secundaria Santa Cruz,43.31350415,-3.9529668056645706
Pielagos_Boo,colegio,Centro de Educación Infantil y Primaria El Haya,43.3145674,-3.953292237905796
Camargo_Muriedas,playa,Playa de los Tranquilos,43.468576049999996,-3.7255671934633003
Camargo_Muriedas,playa,Playa de Loredo,43.4642585,-3.7260895466520614
Camargo_Muriedas,playa,Playa de Langre,43.4756851,-3.689531372216196
Camargo_Muriedas,playa,Playa de Arnillas,43.4779515,-3.6810474955299073
Camargo_Muriedas,playa,Playa de Langre Pequeña,43.477305349999995,-3.69535439159332
Camargo_Muriedas,playa,nan,43.470303,-3.7293427575531912
Camargo_Muriedas,playa,nan,43.472095350000004,-3.7288634284521143
Camargo_Muriedas,playa,nan,43.47237765,-3.7289747746345743
Camargo_Muriedas,playa,Playa de Somo,43.45946585,-3.73142294355183
Camargo_Muriedas,supermercado,Lupa,43.385266,-3.7324243
Camargo_Muriedas,supermercado,Covirán,43.3521422,-3.7039708
Camargo_Muriedas,supermercado,Puente romano,43.342535,-3.7426208
Camargo_Muriedas,supermercado,Covirán,43.4123011,-3.6986929
Camargo_Muriedas,supermercado,Lupa,43.4546204,-3.7420627
Camargo_Muriedas,supermercado,Covirán,43.2900375,-3.9594751
Camargo_Muriedas,supermercado,Supermercado Covirán Mora,43.3457168,-3.7425313
Camargo_Muriedas,supermercado,Dia,43.4541146,-3.7437741
Camargo_Muriedas,supermercado,nan,43.4630373,-3.7238528
Camargo_Muriedas,supermercado,Lupa,43.38328145,-3.7396686717393552
Camargo_Muriedas,supermercado,Lupa,43.39049155,-3.6970071101687934
Camargo_Muriedas,supermercado,Lupa,43.451478249999994,-3.734374133601431
Camargo_Muriedas,supermercado,BM,43.3825785,-3.73799445987055
Camargo_Muriedas,supermercado,Dia,43.3845446,-3.738088045956707
Camargo_Muriedas,supermercado,Mercadona,43.393843450000006,-3.7468328571743914
Camargo_Muriedas,colegio,Escuela Pública de Mirones,43.2966911,-3.7047741
Camargo_Muriedas,colegio,Colegio Concertado Ave María,43.384744,-3.7337479
Camargo_Muriedas,colegio,Escuela Infantil Municipal Claudio del Río,43.4503953,-3.7320696952846673
Camargo_Muriedas,colegio,Centro de Educación Infantil y Primaria Marqués de Valdecilla,43.378884049999996,-3.737664329627691
Camargo_Muriedas,colegio,Instituto de Educación Secundaria Ricardo Bernardo,43.37823555,-3.7384425992383026
Camargo_Muriedas,colegio,Colegio Concertado Torreanaz,43.36361049999999,-3.752893202313759
Camargo_Muriedas,colegio,Centro de Educación Infantil y Primaria Eugenio Perojo,43.344654649999995,-3.7464444295892863
Camargo_Muriedas,colegio,Centro de Educación Infantil y Primaria Nuestra Señora de Latas,43.4586193,-3.726988304393307
Camargo_Muriedas,colegio,Centro de Educación Infantil y Primaria Leopoldo y Josefa del Valle,43.348348099999995,-3.7017295375069548
Camargo_Muriedas,colegio,Centro de Educación Infantil y Primaria Aguanaz,43.3760613,-3.6812177710419443
Camargo_Muriedas,colegio,Colegio Concertado Apostolado del Sagrado Corazón,43.3758775,-3.7188417328621264
Camargo_Muriedas,colegio,Escuela Infantil Papucos,43.38347520000001,-3.732888553260488
Santander,playa,Playa de Galizano,43.480112399999996,-3.6754253756662103
Santander,playa,Playa de Cuberris,43.49694325,-3.6141627448612166
Santander,playa,Playa de Antuerta,43.49694165,-3.6198914567815725
Santander,supermercado,Covirán,43.4673742,-3.6696422
Santander,supermercado,Dia,43.481491,-3.6122631
Santander,supermercado,Covirán,43.4836084,-3.6125963
Santander,supermercado,La Tienda,43.4676908,-3.6719951
Santander,supermercado,Dia,43.4826587,-3.6123428
Santander,supermercado,Cano,43.4673696,-3.6698148
Santander,colegio,Centro de Educación Infantil y Primaria Benedicto Ruiz,43.47643445,-3.6121745903248184
Santander,colegio,Centro de Educación Infantil y Primaria Jesús del Monte,43.39526455,-3.590539754253969
Santander,colegio,Centro de Educación Infantil y Primaria Trasmiera,43.401079550000006,-3.667027304521241
Santander,colegio,Escuela Infantil Cabo de Ajo,43.47914635,-3.613302082025216
Somo,playa,Playa de la Arena,43.50353525,-3.5810109414977696
Somo,playa,nan,43.5053618,-3.5809345408588156
Somo,playa,Playa Canal,43.509959249999994,-3.583103493402078
Somo,supermercado,Super Meruelo,43.4556201,-3.572566
Somo,supermercado,Covirán,43.4560749,-3.5721168
Somo,supermercado,Covirán,43.4553265,-3.5725537
Somo,supermercado,Supermercado Camping Playa La Arena,43.5030412,-3.5759057
Somo,supermercado,DIA,43.4159357,-3.5759651
Somo,colegio,Escuela Infantil Trastolillo,43.4546504,-3.5802007
Somo,colegio,Instituto de Educación Secundaria San Miguel de Meruelo,43.4566772,-3.57221122624674
Suances,playa,nan,43.4012107,-4.175383099230535
Suances,supermercado,nan,43.3846339,-4.2098226
Suances,supermercado,El resbalon,43.378656,-4.1822833
Suances,colegio,Centro de Educación Infantil y Primaria Quirós,43.3870208,-4.213978269664175
Suances,colegio,Colegio Público José Saiz López,43.366035,-4.126391879493518
Suances,colegio,Centro de Educación Infantil y Primaria Antonio Muñoz y Gómez,43.33341885,-4.179576122453154
Suances,colegio,Centro de Educación Infantil y Primaria Malacoria,43.31619595,-4.17349027737935
Laredo,playa,nan,43.2848874,-3.4432828
Laredo,playa,Playa del Pasaje,43.4391179,-3.4568138090162956
Laredo,playa,Playa del Pasaje,43.439383649999996,-3.454453993062857
Laredo,playa,Playa del Sable,43.4983732,-3.54235106478762
Laredo,playa,Playa de Arnadal,43.50043285,-3.5414279370073656
Laredo,playa,Playa de los Barcos,43.4963079,-3.5422783856271924
Laredo,playa,Playa de San Julián,43.4127425,-3.370709020697594
Laredo,playa,Playa de Ostende o Urdiales,43.38681595,-3.2258915643207864
Laredo,playa,Playa de Sonabia,43.412260399999994,-3.335119075143779
Laredo,playa,Playa de Oriñón,43.40084435,-3.3224352576620517
Laredo,playa,Playa de Tregandín,43.47781605,-3.515027534506279
Laredo,playa,Playa de la Salvé,43.4232739,-3.4438918641149865
Laredo,playa,Playa de Arenillas,43.40389375,-3.3124243238840325
Laredo,playa,nan,43.4986389,-3.541248240278118
Laredo,playa,Playa de los Barcos,43.495860199999996,-3.5431072131582964
Laredo,playa,nan,43.48593555,-3.514990687195122
Laredo,playa,nan,43.4882657,-3.5155446664444456
Laredo,playa,nan,43.4890355,-3.5152490319003284
Laredo,playa,Cala El Pedregal,43.38553115,-3.2184117266029584
Laredo,playa,Playa Puerto Refugio de Islares,43.4051652,-3.3128381293785902
Laredo,playa,Playa de Cotonera,43.40581645,-3.2944449013518557
Laredo,playa,Playa del Regatón,43.420387500000004,-3.4540894961666435
Laredo,playa,nan,43.486628100000004,-3.5152206628342233
Laredo,playa,Playa de Berria,43.46500555,-3.4684696521770695
Laredo,playa,Playa de El Brusco,43.47132485,-3.4981643815798567
Laredo,playa,Playa de San Martín,43.43857585,-3.444016740123976
Laredo,playa,Cala Los Cuarezos,43.4942804,-3.544099366530462
Laredo,playa,Playa de Ris,43.49369405,-3.5237279719008274
Laredo,playa,nan,43.4845347,-3.5146277026132404
Laredo,playa,Playa de Peña Pombera,43.487584749999996,-3.515511607160272
Laredo,playa,nan,43.4885739,-3.5153656401430835
Laredo,playa,Playa Cuarezo,43.4930866,-3.5412724584285717
Laredo,playa,nan,43.415121049999996,-3.380834655447592
Laredo,playa,Playa de Ris,43.49252515,-3.527277364192826
Laredo,playa,Playa de la Cava,43.4909094,-3.548675179016519
Laredo,supermercado,Lupa,43.4959338,-3.5439076
Laredo,supermercado,Dia,43.3817967,-3.2208746
Laredo,supermercado,Lupa,43.3821007,-3.2204541
Laredo,supermercado,BM,43.3793464,-3.2199414
Laredo,supermercado,Lupa,43.4429418,-3.4543954
Laredo,supermercado,BM,43.4422753,-3.45584
Laredo,supermercado,Dia,43.4408221,-3.4550411
Laredo,supermercado,Carrefour,43.380615,-3.219732
Laredo,supermercado,Eroski,43.3831782,-3.2210963
Laredo,supermercado,Corvirán,43.4564573,-3.4873443
Laredo,supermercado,BM,43.3846484,-3.2188709
Laredo,supermercado,Schlecker,43.3820981,-3.2182583
Laredo,supermercado,Supermercado La Carabela,43.4101362,-3.432496
Laredo,supermercado,Covirán,43.4236902,-3.522411
Laredo,supermercado,Lupa,43.3429554,-3.4165496
Laredo,supermercado,Lupa,43.3965848,-3.4533373
Laredo,supermercado,Covirán,43.3953768,-3.4509922
Laredo,supermercado,Susinos,43.3942411,-3.4506343
Laredo,supermercado,Dia,43.365331,-3.3170297
Laredo,supermercado,nan,43.495793,-3.5475043
Laredo,supermercado,Supermercado Fruteria,43.4195594,-3.445496
Laredo,supermercado,Eroski,43.4128007,-3.4144038
Laredo,supermercado,Lupa,43.4119029,-3.4151741
Laredo,supermercado,Simply Market,43.4829953,-3.5294678
Laredo,supermercado,La Via,43.4922329,-3.5246261
Laredo,supermercado,Dia,43.4897986,-3.5264127
Laredo,supermercado,Covirán,43.2724983,-3.2569517
Laredo,supermercado,Covirán,43.3579574,-3.2310095
Laredo,supermercado,Covirán,43.2771018,-3.4365629
Laredo,supermercado,Lupa,43.479944,-3.5253095
Laredo,supermercado,Dia,43.4432057,-3.4552946
Laredo,supermercado,Marisa,43.4868729,-3.5299495
Laredo,supermercado,Supermercado Diego,43.2746283,-3.6010682
Laredo,supermercado,Supermercados Herrero,43.343037,-3.4172544
Laredo,supermercado,Dia,43.3415113,-3.4178084
Laredo,supermercado,Mercado de Abastos,43.4416728,-3.4578077
Laredo,supermercado,BM,43.4086985,-3.4169291
Laredo,supermercado,Covirán,43.3971049,-3.4496678
Laredo,supermercado,Covirán,43.3953586,-3.4554671
Laredo,supermercado,Lupa,43.3973754,-3.44834
Laredo,supermercado,BM,43.3975352,-3.4434437
Laredo,supermercado,Covirán,43.3537802,-3.49644
Laredo,supermercado,Covirán,43.3980292,-3.4503243
Laredo,supermercado,Lupa,43.3807632,-3.2226234
Laredo,supermercado,Autoservicio Setién,43.4597489,-3.5464116
Laredo,supermercado,Covirán,43.4362531,-3.5137591
Laredo,supermercado,BM,43.3545811,-3.4964507
Laredo,supermercado,BM,43.3838479,-3.2210857
Laredo,supermercado,Eroski,43.3683702,-3.218177730885947
Laredo,supermercado,Lupa,43.456405849999996,-3.485177148692033
Laredo,supermercado,Mercadona,43.3988945,-3.440808125402013
Laredo,supermercado,Lidl,43.40215445,-3.4370603231713996
Laredo,supermercado,Lupa,43.4021029,-3.4362760025242016
Laredo,supermercado,Eroski,43.46485915,-3.5352579138780436
Laredo,supermercado,Primaprix,43.399164400000004,-3.4421954384078255
Laredo,supermercado,Supermercado Covirán Treto,43.393091,-3.473515625585284
Laredo,supermercado,ALDI,43.400197750000004,-3.4398351787462786
Laredo,colegio,Escuela municipal de teatro La Villa,43.3839117,-3.2183677
Laredo,colegio,Centro de Educación de Personas Adultas de Laredo,43.4081229,-3.4138658
Laredo,colegio,Centro de Educación de Personas Adultas de Berria,43.4602511,-3.4571193
Laredo,colegio,Fundación Nuestra Señora de la Bien Aparecida,43.349408,-3.4217531
Laredo,colegio,Centro de Educación de Personas Adultas de Santoña,43.4480019,-3.4563779
Laredo,colegio,Centro de Profesorado Laredo,43.407426,-3.4171292
Laredo,colegio,Centro de Educación Infantil y Primaria San Martín de Campijo,43.3832478,-3.2234197539767844
Laredo,colegio,Centro de Educación Infantil y Primaria Miguel Hernández,43.3840918,-3.2191553878716546
Laredo,colegio,Centro de Educación Infantil y Primaria Santa Catalina,43.378020199999995,-3.221807033784338
Laredo,colegio,Centro de Educación Infantil y Primaria Arturo Duo,43.3804095,-3.2213309677798097
Laredo,colegio,Centro de Educación Infantil y Primaria Nuestra Señora de las Nieves,43.3543014,-3.3350760244401476
Laredo,colegio,Instituto de Educación Secundaria Ataulfo Argenta,43.379079250000004,-3.21770644142297
Laredo,colegio,Instituto de Educación Secundaria José Zapatero Domínguez,43.369622899999996,-3.2173888265206596
Laredo,colegio,Centro de Educación Infantil y Primaria El Pedregal,43.384428400000004,-3.2193400140749024
Laredo,colegio,Centro de Educación Infantil y Primaria Pedro Santiuste,43.4549013,-3.4946267165071574
Laredo,colegio,Instituto de Educación Secundaria Marismas,43.447967500000004,-3.457942671400251
Laredo,colegio,Centro de Educación Infantil y Primaria Macías Picavea,43.44767915,-3.4564926801681155
Laredo,colegio,Colegio Concertado Sagrado Corazón de Jesús,43.44054965,-3.4551594103584606
Laredo,colegio,Instituto de Educación Secundaria Marqués de Manzanedo,43.4444381,-3.4549721986982833
Laredo,colegio,Centro de Educación Infantil y Primaria Juan de La Cosa,43.4412447,-3.451418263368473
Laredo,colegio,Centro de Educación Infantil y Primaria Pedro del Hoyo,43.3978915,-3.455790728876206
Laredo,colegio,Centro de Educación Infantil y Primaria Fray Pablo,43.3943434,-3.4511289412211084
Laredo,colegio,Centro de Educación Infantil y Primaria Villa del Mar,43.4074168,-3.4164624362010025
Laredo,colegio,Centro de Educación Especial Pintor Martín Saez,43.4099214,-3.4347652882670934
Laredo,colegio,Centro de Educación Infantil y Primaria Pepe Alba,43.41136965,-3.416117515420546
Laredo,colegio,Centro de Educación Infantil y Primaria Pablo Picasso,43.408814050000004,-3.432362158520328
Laredo,colegio,Instituto de Educación Secundaria Bernardino Escalante,43.40817225,-3.414169730196204
Laredo,colegio,Instituto de Educación Secundaria Fuente Fresnedo,43.40652815,-3.414409645532176
Laredo,colegio,Colegio Concertado La Inmaculada Concepción,43.4945138,-3.5497985963892287
Laredo,colegio,Instituto de Educación Secundaria Valentín Turienzo,43.39714975,-3.4573573208277857
Laredo,colegio,Colegio Rural Agrupado Conde Albox,43.360834499999996,-3.4211290713406335
Laredo,colegio,Centro de Educación Infantil y Primaria Los Puentes,43.3918585,-3.4523774773650926
Laredo,colegio,Escuela Oficial de Idiomas de Laredo,43.4086477,-3.4134734859586198
Laredo,colegio,Centro de Educación Infantil y Primaria San Pedro Apostol,43.4582314,-3.553311674291974
Laredo,colegio,Centro de Educación Infantil y Primaria Virgen de La Cama,43.43751105,-3.513580852968799
Laredo,colegio,Centro de Educación Infantil y Primaria Flavio San Román,43.41190005,-3.489442604305959
Laredo,colegio,Centro de Educación Infantil y Primaria Marquesa de Viluma,43.343546,-3.501852617003294
Laredo,colegio,Instituto de Educación Secundaria José del Campo,43.33617205,-3.4182708282242427
Laredo,colegio,Centro de Educación Infantil y Primaria Peregrino Avendaño,43.3935869,-3.377609126242477
Laredo,colegio,Centro de Educación Infantil La Cucaña,43.3959759,-3.4550462013945564
Laredo,colegio,Colegio Concertado San Vicente de Paul Laredo,43.4122189,-3.414241182971015
Laredo,colegio,Colegio de Educación Infantil y Primaria Ampuero,43.34340135,-3.4144537157627672
Laredo,colegio,Centro de Educación Infantil y Primaria de Palacio,43.4810351,-3.5282960828580254
Laredo,colegio,Colegio Concertado San Vicente de Paúl,43.360508949999996,-3.4242356324252166
Laredo,colegio,Escuelas de la Naturaleza,43.4042757,-3.3678512028284855
Laredo,colegio,Colegio Rural Agrupado de Rasines,43.306609949999995,-3.425698324238379
CastroUrdiales,playa,Playa de La Turbia,43.363743150000005,-3.1892708912162178
CastroUrdiales,playa,Gorrondatxe - Azkorri,43.3805659,-3.015400193865948
CastroUrdiales,playa,Areetako Hondartza,43.3270799,-3.0171911467617747
CastroUrdiales,playa,Playa de Arciseri,43.37314805,-3.2045021186792466
CastroUrdiales,playa,Playa Brazomar,43.374303499999996,-3.212266670218156
CastroUrdiales,playa,Playa de Dicido,43.36374055,-3.194329024770469
CastroUrdiales,playa,nan,43.348527950000005,-3.118698307202626
CastroUrdiales,playa,Dunas de La Arena,43.346676450000004,-3.116134971869284
CastroUrdiales,playa,Playa de Zierbena,43.35416715,-3.0789888709527187
CastroUrdiales,playa,nan,43.373380749999995,-3.204005669395852
CastroUrdiales,playa,Cala de Los Frailes,43.3734295,-3.2031934413043475
CastroUrdiales,playa,Cala de Cotolino,43.3737096,-3.2089212272091325
CastroUrdiales,playa,Arenal,43.38153475,-3.21723175
CastroUrdiales,playa,Cala de Dícido,43.36748005,-3.1954321071967384
CastroUrdiales,playa,Playa del Lastrón,43.3551908,-3.1121523697916667
CastroUrdiales,playa,Cala del Vivero,43.35354835,-3.1131308729078495
CastroUrdiales,playa,Cala del Socorro,43.34632335,-3.1221442253511418
CastroUrdiales,playa,Cala del Resguardo,43.3466345,-3.1215761176470593
CastroUrdiales,playa,Arrigunaga,43.3557723,-3.01898038463691
CastroUrdiales,playa,Solarium,43.37828865,-3.212128580922469
CastroUrdiales,playa,Playa La Arena,43.34932775,-3.1145974995830885
CastroUrdiales,playa,Playa La Arena,43.34790865,-3.118560084959846
CastroUrdiales,playa,Play de Lastron,43.35457585,-3.112520402613108
CastroUrdiales,supermercado,BM,43.3274917,-3.032022
CastroUrdiales,supermercado,nan,43.3246154,-3.023534
CastroUrdiales,supermercado,BM,43.3199812,-3.0242935
CastroUrdiales,supermercado,Eroski City,43.3287962,-3.0360901
CastroUrdiales,supermercado,Dia,43.3292567,-3.0359577
CastroUrdiales,supermercado,Eroski,43.303548,-3.037896
CastroUrdiales,supermercado,Eroski,43.3032114,-3.0347536
CastroUrdiales,supermercado,BM,43.3709579,-3.2063105
CastroUrdiales,supermercado,Simply Market,43.3324431,-3.0382836
CastroUrdiales,supermercado,Dia,43.3323104,-3.0379993
CastroUrdiales,supermercado,Eroski,43.311405,-3.0229579
CastroUrdiales,supermercado,Eroski City,43.3222202,-3.0360281
CastroUrdiales,supermercado,BM,43.3026917,-3.0353502
CastroUrdiales,supermercado,BM,43.3229705,-3.1118757
CastroUrdiales,supermercado,Dia,43.3019705,-3.0335604
CastroUrdiales,supermercado,BM,43.3235863,-3.0242672
CastroUrdiales,supermercado,BM,43.3217243,-3.0204619
CastroUrdiales,supermercado,Alex,43.323146,-3.0263455
CastroUrdiales,supermercado,Arantxa,43.3187202,-3.0284536
CastroUrdiales,supermercado,Eroski City,43.3236295,-3.027646
CastroUrdiales,supermercado,Dia,43.3242114,-3.0228719
CastroUrdiales,supermercado,Merka Berri,43.3212215,-3.0227306
CastroUrdiales,supermercado,Dia Market,43.3207445,-3.0219171
CastroUrdiales,supermercado,UNIDE,43.3488278,-3.1115549
CastroUrdiales,supermercado,Dia,43.3104897,-3.0558647
CastroUrdiales,supermercado,BM,43.3109082,-3.0556271
CastroUrdiales,supermercado,Eroski City,43.321823,-3.0384845
CastroUrdiales,supermercado,Eroski,43.3223133,-3.1157981
CastroUrdiales,supermercado,Unide,43.3488138,-3.111567
CastroUrdiales,supermercado,BM,43.3164921,-3.0177051
CastroUrdiales,supermercado,Dia,43.3160667,-3.0162942
CastroUrdiales,supermercado,Eroski,43.3170122,-3.0237038
CastroUrdiales,supermercado,Eroski,43.3213883,-3.02223
CastroUrdiales,supermercado,BM,43.3284245,-3.0351772
CastroUrdiales,supermercado,Eroski,43.3158184,-3.0745182
CastroUrdiales,supermercado,Alimentacion Portu,43.3201492,-3.020723
CastroUrdiales,supermercado,Covirán,43.3163557,-3.0734229
CastroUrdiales,supermercado,La Kompra,43.3251642,-3.0347119
CastroUrdiales,supermercado,Covirán Puente Colgante,43.319647,-3.0194636
CastroUrdiales,supermercado,Mini Supermercado,43.3310866,-3.0339312
CastroUrdiales,supermercado,Izarbide,43.3309378,-3.0344185
CastroUrdiales,supermercado,Eroski City,43.3310661,-3.0371061
CastroUrdiales,supermercado,Alcampo,43.332568,-3.0402558
CastroUrdiales,supermercado,BM,43.3263391,-3.0294278
CastroUrdiales,supermercado,Eroski City,43.3269666,-3.0316427
CastroUrdiales,supermercado,Dia,43.3277692,-3.031424
CastroUrdiales,supermercado,Covirán,43.3276894,-3.0335176
CastroUrdiales,supermercado,Covirán,43.33105,-3.0353624
CastroUrdiales,supermercado,Primaprix,43.3217244,-3.0218669
CastroUrdiales,supermercado,BM,43.370697050000004,-3.2171400936700767
CastroUrdiales,supermercado,Lidl,43.3708743,-3.2171468455068353
CastroUrdiales,supermercado,Lidl,43.318669150000005,-3.043917986038747
CastroUrdiales,supermercado,Mercadona,43.32328925,-3.0332075603265167
CastroUrdiales,supermercado,ALDI,43.3188914,-3.045249441246228
CastroUrdiales,supermercado,Mercadona,43.3201051,-3.046386779956774
CastroUrdiales,colegio,San José de Calasanz,43.3282904,-3.0371856
CastroUrdiales,colegio,el duende,43.3198578,-3.0235933
CastroUrdiales,colegio,Asti leku,43.3163492,-3.0290281
CastroUrdiales,colegio,Aula Mentor,43.3794582,-3.2173147
CastroUrdiales,colegio,Centro de Educación de Personas Adultas de Castro-Urdiales,43.3790557,-3.2176098
CastroUrdiales,colegio,Escuela Cántabra de Técnicos de Piragüismo,43.3842085,-3.215289
CastroUrdiales,colegio,CEPA Valle de Trápaga HHI,43.3046048,-3.0350338
CastroUrdiales,colegio,CEIP Serantes HLHI,43.3255887,-3.0300456584125537
CastroUrdiales,colegio,Asti Leku Ikastola,43.3162003,-3.0303979611974743
CastroUrdiales,colegio,Itxaropena ikastola,43.3013756,-3.036545866625343
CastroUrdiales,colegio,Colegio San José-Carmelitas Ikastetxea,43.32810755,-3.029844134386229
CastroUrdiales,colegio,CIFP Repélega LHII,43.31247995,-3.019716390492652
CastroUrdiales,colegio,IES Antonio Zunzunegi BHI,43.3200365,-3.029378149476737
CastroUrdiales,colegio,IES Ballonti BHI,43.315951749999996,-3.0260282163139998
CastroUrdiales,colegio,Colegio de Educación Infantil y Primaria El Casal Haur eta Lehen Hezkuntzako Ikastetxea,43.3213393,-3.0746829115660814
CastroUrdiales,colegio,CEIP Ruperto Medina HLHI,43.32071515,-3.0291887688776766
CastroUrdiales,colegio,CEIP Las Viñas HLHI,43.3297719,-3.0369806480353496
CastroUrdiales,colegio,Colegio de Educación Infantil y Primaria Itsasoko Ama Haur eta Lehen Hezkuntzako Ikastetxea,43.331580349999996,-3.037183807829772
CastroUrdiales,colegio,Colegio Franciscanas de Montpellier ikastetxea,43.3045736,-3.0387434125446564
CastroUrdiales,colegio,Prestakuntza zentroa,43.3097532,-3.051481899608275
CastroUrdiales,colegio,Colegio de Educación Infantil y Primaria La Arboleda Haur eta Lehen Hezkuntzako Ikastetxea,43.28361635,-3.055841734556286
CastroUrdiales,colegio,Colegio Público San Gabriel,43.30320295,-3.027640424795525
CastroUrdiales,colegio,Berritzegune Ortuella PAT-COP,43.31029125,-3.0395253068272297
CastroUrdiales,colegio,Patronato Santa Eulalia,43.32438265,-3.034628206935171
CastroUrdiales,colegio,Colegio Karmengo Ama ikastetxea,43.319794599999994,-3.0175453747428156
CastroUrdiales,colegio,Centro de Educación Infantil y Primaria Riomar,43.371798749999996,-3.209571383925014
CastroUrdiales,colegio,nan,43.31720055,-3.019847069753202
CastroUrdiales,colegio,Colegio Concertado Menéndez Pelayo,43.362081849999996,-3.211992439370688
CastroUrdiales,colegio,Colegio Público La Escontrilla,43.3044505,-3.035257180239646
CastroUrdiales,colegio,Instituto de Educación Secundaria Burdinibarra Bigarren Hezkuntzako Institutua,43.30422,-3.0299473658608322
CastroUrdiales,colegio,Colegio de Educación Infantil y Primaria Otxartaga Haur eta Lehen Hezkuntzako Ikastetxea,43.310668199999995,-3.053082957920791
CastroUrdiales,colegio,Emilia Zuza Brun I.P.,43.324850299999994,-3.040796517670849
CastroUrdiales,colegio,LaMennais Santa María Ikastetxea,43.32303685,-3.02236492023923
CastroUrdiales,colegio,Colegio San Juan ikastetxea,43.320385349999995,-3.1229760582354666
CastroUrdiales,colegio,IES Kantauri BHI,43.32594645,-3.033482602296802
CastroUrdiales,colegio,Instituto de Enseñanza Secundaria Axular Bigarren Hezkuntzako Institutua,43.3206605,-3.0348837149470125
CastroUrdiales,colegio,Aixerrota BHI,43.366460700000005,-3.0214275065668614
CastroUrdiales,colegio,Andra Mari ikastetxea,43.3659506,-3.020360811503161
CastroUrdiales,colegio,Colegio San Francisco Javier,43.323307400000004,-3.035543575112401
CastroUrdiales,colegio,Instituto de Educación Secundaria Muskiz Bigarren Hezkuntzako Institutua,43.320899100000005,-3.1142642027316167
CastroUrdiales,colegio,Muskizko Ikastola,43.32055445,-3.126121152495589
CastroUrdiales,colegio,nan,43.314347299999994,-3.0753033674876784
CastroUrdiales,colegio,nan,43.314316,-3.0772975749565004
CastroUrdiales,colegio,Dolores Ibarruri institutua,43.317168550000005,-3.0752638839479864
CastroUrdiales,colegio,Askartza-Isusi Ikastetxea,43.316880850000004,-3.0959203346197244
CastroUrdiales,colegio,Abantoko haurreskola,43.3146781,-3.0746952894219675
CastroUrdiales,colegio,Instituto de Educación Secundaria Ocho de Marzo,43.36960445,-3.201866956762094
CastroUrdiales,colegio,Instituto de Educación Secundaria Marcelino Ugalde Bigarren Hezkuntzako Institutua,43.30741195,-3.0496199917363667
CastroUrdiales,colegio,nan,43.324052050000006,-3.1276439930330415
CastroUrdiales,colegio,CEIP Maestro Zubeldia HLHI,43.3177809,-3.019246143248903
CastroUrdiales,colegio,Colegio de Educación Infantil y Primaria Ángel Larena Haur eta Lehen Hezkuntzako Ikastetxea,43.241270799999995,-3.214714640034364
CastroUrdiales,colegio,nan,43.3260482,-3.0402949157604833
CastroUrdiales,colegio,Colegio San Viator,43.277442300000004,-3.1537716585111935
CastroUrdiales,colegio,Colegio San Felix Ikastetxea,43.310870800000004,-3.057107883749996
CastroUrdiales,colegio,Getxo Bela Eskola,43.340609650000005,-3.02129050162202
CastroUrdiales,colegio,Colegio de Educación Infantil y Primaria Gabriel Celaya Haur eta Lehen Hezkuntzako Ikastetxea,43.3238336,-3.023619842666138
CastroUrdiales,colegio,Bihotz Gaztea Ikastola,43.324778249999994,-3.028558503874396
CastroUrdiales,colegio,Aixerrota BHI,43.366559300000006,-3.0211406292828826
CastroUrdiales,colegio,CIP Portugalete,43.321534099999994,-3.0187247131774244
